<?xml version="1.0" encoding="UTF-8"?>
<project-private xmlns="http://www.netbeans.org/ns/project-private/1">
    <editor-bookmarks xmlns="http://www.netbeans.org/ns/editor-bookmarks/2" lastBookmarkId="0"/>
    <open-files xmlns="http://www.netbeans.org/ns/projectui-open-files/2">
        <group>
            <file>file:/C:/Users/user/Desktop/personal%20projects/Security-SVCS-Case-Study-Application/CSSECDV%20MP/src/View/Home.java</file>
            <file>file:/C:/Users/user/Desktop/personal%20projects/Security-SVCS-Case-Study-Application/CSSECDV%20MP/src/View/Register.java</file>
            <file>file:/C:/Users/user/Desktop/personal%20projects/Security-SVCS-Case-Study-Application/CSSECDV%20MP/src/View/Login.java</file>
            <file>file:/C:/Users/user/Desktop/personal%20projects/Security-SVCS-Case-Study-Application/CSSECDV%20MP/src/Controller/Main.java</file>
            <file>file:/C:/Users/user/Desktop/personal%20projects/Security-SVCS-Case-Study-Application/CSSECDV%20MP/src/Model/User.java</file>
            <file>file:/C:/Users/user/Desktop/personal%20projects/Security-SVCS-Case-Study-Application/CSSECDV%20MP/src/Controller/SQLite.java</file>
            <file>file:/C:/Users/user/Desktop/personal%20projects/Security-SVCS-Case-Study-Application/CSSECDV%20MP/src/View/Frame.java</file>
            <file>file:/C:/Users/user/Desktop/personal%20projects/Security-SVCS-Case-Study-Application/CSSECDV%20MP/src/Controller/Password.java</file>
        </group>
    </open-files>
</project-private>
